연번,구분,시설명,주소,설치시설물,등록,데이터기준일자
1,동네체육시설,첨단생활체육공원 동네체육시설,광주광역시 광산구 산월동 819-8,동네체육시설,2020-12-24,2021-06-16
2,동네체육시설,신창동 생태휴양공원 동네체육시설,광주광역시 광산구 신창동 1262번지,동네체육시설,2020-12-24,2021-06-16
3,동네체육시설,어룡동 소촌마을 동네체육시설,광주광역시 광산구 소촌동 461-3,동네체육시설,2020-12-24,2021-06-16
4,동네체육시설,송정동 소규모쉼터 동네체육시설,광주광역시 광산구 송정동 242-7,동네체육시설,2020-02-03,2021-06-16
5,동네체육시설,운남동 남양아파트 동네체육시설,광주광역시 광산구 운남동 387-24,동네체육시설,2020-07-14,2021-06-16
6,동네체육시설,내산동 대봉경로당 동네체육시설,광주광역시 광산구 내산동 154-1,동네체육시설,2020-07-14,2021-06-16
7,동네체육시설,내산동 망월경로당 동네체육시설,광주광역시 광산구 내산동 308-13,동네체육시설,2020-07-14,2021-06-16
8,동네체육시설,양동 양동경로당 동네체육시설,광주광역시 광산구 양동 458-15,동네체육시설,2020-07-14,2021-06-16
9,동네체육시설,월계동 성원아파트 동네체육시설,광주광역시 광산구 월계동 755-4,동네체육시설,2020-07-14,2021-06-16
10,동네체육시설,월계동 라인7차 옆 동네체육시설,광주광역시 광산구 월계동 761-7(첨단생태공원 ),동네체육시설,2020-07-14,2021-06-16
11,동네체육시설,신촌대주아파트 동네체육시설,광주광역시 광산구 신촌동 826-1,동네체육시설,2020-12-24,2021-06-16
12,동네체육시설,대덕무지개아파트 동네체육시설,광주광역시 광산구  소촌동 69-3,동네체육시설,2020-12-24,2021-06-16
13,동네체육시설,스위트벨리 3차동네체육시설,광주광역시 광산구  소촌동 232-6,동네체육시설,2020-12-24,2021-06-16
14,동네체육시설,본촌경로당 동네체육시설,광주광역시 광산구 유계동 1002-3,동네체육시설,2020-12-24,2021-06-16
15,동네체육시설,임곡동성당 인근 동네체육시설,광주광역시 광산구 임곡동 819-1,동네체육시설,2020-12-24,2021-06-16
16,동네체육시설,본량용산마을 동네체육시설,광주광역시 광산구 산수동 590-1,동네체육시설,2020-12-24,2021-06-16
17,동네체육시설,삼도동촌마을 동네체육시설,광주광역시 광산구 삼도동 626-4,동네체육시설,2020-12-24,2021-06-16
18,동네체육시설,본량매동마을 동네체육시설,광주광역시 광산구 선동 507-1,동네체육시설,2020-12-24,2021-06-16
19,동네체육시설,우치마을경로당 동네체육시설,광주광역시 광산구 대산동 540,동네체육시설,2020-12-24,2021-06-16
20,동네체육시설,신창동가족공원 동네체육시설,광주광역시 광산구 신창동 1120,동네체육시설,2020-12-24,2021-06-16
21,종목별체육시설,평동대교 하부 족구장,광주광역시 광산구 선암동 212-8번지,족구장,2020-11-16,2021-06-16
22,종목별체육시설,발산교 하부 족구장,광주광역시 광산구 오선동 587,족구장,2020-05-20,2021-06-16
23,종목별체육시설,상전게이트볼장,광주광역시 광산구 송정1동 554-1,게이트볼장,2000-03-01,2021-06-16
24,종목별체육시설,송정공원 게이트볼장,광주광역시 광산구 소촌동 산 4-1,게이트볼장,1998-05-01,2021-06-16
25,종목별체육시설,산정공원  게이트볼장,광주광역시 광산구 월곡동 539,게이트볼장,1998-04-01,2021-06-16
26,종목별체육시설,쌍암공원  게이트볼장,광주광역시 광산구 쌍암동 653-1,게이트볼장,1999-01-01,2021-06-16
27,종목별체육시설,무양공원 게이트볼장,광주광역시 광산구 월계동 848-1,게이트볼장,1998-05-01,2021-06-16
28,종목별체육시설,장    록  게이트볼장,광주광역시 광산구 장록동 2-3,게이트볼장,1999-09-01,2021-06-16
29,종목별체육시설,본   량  게이트볼장,광주광역시 광산구 남산동 698-20,게이트볼장,1998-03-01,2021-06-16
30,종목별체육시설,임곡초교 게이트볼장,광주광역시 광산구 임곡동 457,게이트볼장,2000-12-01,2021-06-16
31,종목별체육시설,응암공원 게이트볼장,광주광역시 광산구 월계동 760-1,게이트볼장,2001-12-01,2021-06-16
32,종목별체육시설,신가공원 게이트볼장,광주광역시 광산구 신가동 870,게이트볼장,2003-03-03,2021-06-16
33,종목별체육시설,우산동IC 게이트볼장,광주광역시 광산구 우산동 1611-4,게이트볼장,2003-03-05,2021-06-16
34,종목별체육시설,용 진 교 게이트볼장,광주광역시 광산구 임곡동 591 (용진교 아래),게이트볼장,2004-04-11,2021-06-16
35,종목별체육시설,풍영정1공원게이트볼장,광주광역시 광산구 월곡동 686-1(운남주공10단지앞 풍영정 1공원),게이트볼장,2006-01-01,2021-06-16
36,종목별체육시설,첨단전천후 게이트볼장,광주광역시 광산구 쌍암동 695-3,게이트볼장,2005-09-01,2021-06-16
37,종목별체육시설,운남대교 게이트볼장,광주광역시 광산구 운남동 515-10,게이트볼장,2010-08-01,2021-06-16
38,종목별체육시설,송정IC 게이트볼장,광주광역시 광산구 신촌동 1013-4,게이트볼장,2012-11-01,2021-06-16
39,종목별체육시설,첨단체육시설단지 게이트볼장,광주광역시 광산구 산월동 334-5,게이트볼장,2001-12-01,2021-06-16
40,종목별체육시설,연동게이트볼장,광주광역시 광산구 고룡동 145-2,게이트볼장,2018-12-13,2021-06-16
41,종목별체육시설,송정1교구장,광주광역시 광산구 황룡동 423,축구장,2001-11-01,2021-06-16
42,종목별체육시설,첨단종합 운동장,광주광역시 광산구 산월동334-5,축구장,2003-12-01,2021-06-16
43,종목별체육시설,쌍암 다목적구장,광주광역시 광산구 쌍암동 653-1,축구장,1996-12-01,2021-06-16
44,종목별체육시설,운남 다목적구장,광주광역시 광산구 운남동 12,축구장,2003-12-01,2021-06-16
45,종목별체육시설,하남인조잔디축구장,광주광역시 광산구 하남동 499-3,축구장,1999-12-23,2021-06-16
46,종목별체육시설,안청구장(하남산단9번로),광주광역시 광산구 안청동 736-1,축구장,2013-09-01,2021-06-16
47,종목별체육시설,용동구장 (평동2번도로),광주광역시 광산구 용동 669-1,축구장,2010-05-01,2021-06-16
48,종목별체육시설,풍영구장,광주광역시 광산구 풍영철길로 106-2,축구장,2010-01-01,2021-06-16
49,종목별체육시설,하남스포츠파크,광주광역시 광산구 산정동 548,축구장,2015-05-01,2021-06-16
50,종목별체육시설,우산동 족구장1,광주광역시 광산구 우산동 720-1 (무진로하부),족구장,2006-05-08,2021-06-16
51,종목별체육시설,첨단강변공원 족구장,광주광역시 광산구 산월동 879,족구장,2008-09-08,2021-06-16
52,종목별체육시설,신가족구장,광주광역시 광산구 신가동 595-40,족구장,2009-01-01,2021-06-16
53,종목별체육시설,신가 제2족구장,광주광역시 광산구 신가동 594-34,족구장,2012-06-10,2021-06-16
54,종목별체육시설,임곡교 족구장,광주광역시 광산구 선동 697-3,족구장,2012-07-29,2021-06-16
55,종목별체육시설,풍영정천근린 공원족구장,광주광역시 광산구 운남동 792-7,족구장,2010-01-01,2021-06-16
56,종목별체육시설,풍영정천 하천부지족구장,광주광역시 광산구 우산동 575,족구장,2010-01-01,2021-06-16
57,종목별체육시설,풍영정체육시설 족구장,광주광역시 광산구 풍영철길로 106-2,족구장,2010-01-01,2021-06-16
58,종목별체육시설,차량기지 스포츠파크 족구장,광주광역시 광산구 산정동 548,족구장,2015-06-01,2021-06-16
59,종목별체육시설,진곡산단 족구장,광주광역시 광산구 장수동 1-3,족구장,2017-01-01,2021-06-16
60,종목별체육시설,안청구장 족구장,광주광역시 광산구 안청동 736-1,족구장,2016-01-01,2021-06-16
61,종목별체육시설,월곡공원 테니스장,광주광역시 광산구 월곡동 587,테니스장,1994-02-12,2021-06-16
62,종목별체육시설,첨단 테니스장,광주광역시 광산구 비아동 35-6,테니스장,2001-07-28,2021-06-16
63,종목별체육시설,송정근린공원테니스장,광주광역시 광산구 소촌동 93-2번지,테니스장,2007-09-06,2021-06-16
64,종목별체육시설,안청공원 테니스장,광주광역시 광산구 안청동 736-1,테니스장,1999-12-01,2021-06-16
65,종목별체육시설,하남구장 테니스장,광주광역시 광산구 하남동 499-3,테니스장,2001-01-01,2021-06-16
66,종목별체육시설,송정공원 배드민턴장,광주광역시 광산구 소촌동 산4-1(송정공원 내),배드민턴장,2006-10-30,2021-06-16
67,종목별체육시설,산정공원 배드민턴장,광주광역시 광산구 월곡2동 539(월곡2동 산정공원 내),배드민턴장,1994-04-01,2021-06-16
68,종목별체육시설,풍영체육시설단지 배드민턴장,광주광역시 광산구 풍영철길로 106-2,배드민턴장,2008-01-01,2021-06-16
69,종목별체육시설,첨단다목적체육센터(구관),광주광역시 광산구 산월동 819-8,배드민턴장,2005-09-12,2021-06-16
70,종목별체육시설,첨단다목적체육센터(신관),광주광역시 광산구 산월동 819-8,배드민턴장,2015-02-07,2021-06-16
71,종목별체육시설,하남스포츠파크 배드민턴장,광주광역시 광산구 산정동 548,배드민턴장,2015-07-01,2021-06-16
72,종목별체육시설,첨단종합운동장 소프트볼장,광주광역시 광산구 산월동 57,소프트볼장,2005-10-25,2021-06-16
73,종목별체육시설,첨단종합운동장 야구장,광주광역시 광산구 산월동 68,야구장,2009-01-13,2021-06-16
74,종목별체육시설,운남종합운동장야구장,광주광역시 광산구 운남동 12번지,야구장,2014-01-01,2021-06-16
75,종목별체육시설,송 무 정,광주광역시 광산구 소촌동 산12-7,궁도장,1999-11-08,2021-06-16
76,종목별체육시설,빛고을 스포츠센타,광주광역시 광산구 우산동 1577-1,스포츠센터,2003-08-27,2021-06-16
77,종목별체육시설,첨단다목적체육센터,광주광역시 광산구 산월동 819-8,스포츠센터,1999-11-08,2021-06-16
78,종목별체육시설,첨단 인라인스케이트장,광주광역시 광산구 쌍암동 695-3,인라인스케이트장,2005-09-12,2021-06-16
79,종목별체육시설,고저IC,광주광역시 광산구 하남동 457,풋살장,2017-01-01,2021-06-16
80,종목별체육시설,하남스포츠파크 풋살장,광주광역시 광산구 산정동 548,풋살장,2017-01-01,2021-06-16
81,종목별체육시설,산정공원농구장,광주광역시 광산구 월곡동 539,농구장,1994-04-26,2021-06-16
82,종목별체육시설,솔머리 농구장,광주광역시 광산구 소촌동 424,농구장,1996-02-12,2021-06-16
83,종목별체육시설,우산시영A 농구장,광주광역시 광산구 우산동1602-1,농구장,1997-10-07,2021-06-16
84,종목별체육시설,풍영정천 농구장,광주광역시 광산구 우산동 602,농구장,2010-09-01,2021-06-16
85,종목별체육시설,제1풍영정 농구장,광주광역시 광산구 월곡동 686-1,농구장,2002-12-01,2021-06-16
86,종목별체육시설,제2풍영정 농구장,광주광역시 광산구 월곡동 684-1,농구장,2002-12-01,2021-06-16
87,종목별체육시설,풍영정천근린공원 농구장,광주광역시 광산구 운남동 793-1,농구장,2002-12-01,2021-06-16
88,종목별체육시설,더불어락 근린공원 농구장,광주광역시 광산구 운남동 799-1,농구장,2003-12-01,2021-06-16
89,종목별체육시설,하남스포츠파크 농구장,광주광역시 광산구 산정동 548,농구장,2015-07-01,2021-06-16
90,종목별체육시설,풍영정체육시설 농구장,광주광역시 광산구 풍영철길로 106-2,농구장,2008-01-01,2021-06-16
91,종목별체육시설,풍영체육시설단지 정구장,광주광역시 광산구 풍영철길로 106-2,정구장,2010-01-01,2021-06-16
92,종목별체육시설,영산강 그라운드 골프장,광주광역시 광산구 운남동 105번지,골프장,2018-01-01,2021-06-16
93,동네체육시설,첨단 월봉마을 동네체육시설,광주광역시 광산구 산월동 185-1,동네체육시설,2016-12-22,2021-06-16
94,동네체육시설,산월동 892번지 동네체육시설,광주광역시 광산구 산월동 892,동네체육시설,2017-08-22,2021-06-16
95,동네체육시설,첨단생활체육공원 동네체육시설,광주광역시 광산구 산월동 819-8,동네체육시설,2005-09-12,2021-06-16
96,동네체육시설,첨단2동 둘레길 동네체육시설,광주광역시 광산구 월계동 765-1,동네체육시설,2012-06-11,2021-06-16
97,동네체육시설,첨단2동 생태광장 동네체육시설,광주광역시 광산구 월계동 762-2번지,동네체육시설,2015-07-21,2021-06-16
98,동네체육시설,동원촌마을 동네체육시설,광주광역시 광산구 비아동원촌길67-16,동네체육시설,2014-12-09,2021-06-16
99,동네체육시설,비아동 작은도랑실마을,광주광역시 광산구 도천동355-13,동네체육시설,2016-09-09,2021-06-16
100,동네체육시설,안청레포츠공원동네체육시설,광주광역시 광산구 안청동 736-1 (하남산단9번로),동네체육시설,1994-10-01,2021-06-16
101,동네체육시설,계안마을 동네체육시설,광주광역시 광산구 계안길 18-1(계안새마을회관),동네체육시설,2015-02-25,2021-06-16
102,동네체육시설,신창동 반월촌마을 동네체육시설,광주광역시 광산구 신창동552-32,동네체육시설,2014-01-29,2021-06-16
103,동네체육시설,신창동 1079-13 동네체육시설,광주광역시 광산구 신창동 1079-13,동네체육시설,2018-01-29,2021-06-16
104,동네체육시설,신창동 반촌마을 동네체육시설,광주광역시 광산구 신창동1102-6,동네체육시설,2014-01-29,2021-06-16
105,동네체육시설,신창동 용수마을 동네체육시설,광주광역시 광산구 신창동 1170,동네체육시설,2016-10-28,2021-06-16
106,동네체육시설,전남공고 인근 동네체육시설,광주광역시 광산구 신창동 1177-2,동네체육시설,2018-01-29,2021-06-16
107,동네체육시설,신창동 부영아파트 동네체육시설,광주광역시 광산구 신창동  1187,동네체육시설,2016-03-08,2021-06-16
108,동네체육시설,신창동 생태휴양공원 동네체육시설,광주광역시 광산구 신창동 1262번지,동네체육시설,2015-02-25,2021-06-16
109,동네체육시설,신가 어린이 5호공원 동네체육시설,광주광역시 광산구 신가동 1031번지,동네체육시설,2015-02-25,2021-06-16
110,동네체육시설,신가 어린이 6호공원 동네체육시설,광주광역시 광산구 신가동 981-1번지,동네체육시설,2015-02-25,2021-06-16
111,동네체육시설,신가어린이5공원 동네체육시설,광주광역시 광산구 신창동 1108-2(도시공사103동앞),동네체육시설,2015-12-11,2021-06-16
112,동네체육시설,신가 어린이 3호공원 동네체육시설,광주광역시 광산구 신가동 1004-6번지,동네체육시설,2015-02-25,2021-06-16
113,동네체육시설,신가 어린이 1호공원 동네체육시설,광주광역시 광산구 신가동 961-2번지,동네체육시설,2015-02-25,2021-06-16
114,동네체육시설,신가 어린이 2호공원 동네체육시설,광주광역시 광산구 신가동 963-5번지,동네체육시설,2015-02-25,2021-06-16
115,동네체육시설,신가 제1근린공원 동네체육시설,광주광역시 광산구 신가동870번지,동네체육시설,2015-02-25,2021-06-16
116,동네체육시설,수완동 아름공원 동네체육시설,광주광역시 광산구 신가동 1066번지,동네체육시설,2015-07-21,2021-06-16
117,동네체육시설,수완동 은빛어린이공원 동네체육시설,광주광역시 광산구 수완동 1492번지,동네체육시설,2015-07-21,2021-06-16
118,동네체육시설,수완은빛공원 동네체육시설,광주광역시 광산구 수완동 1493,동네체육시설,2015-12-09,2021-06-16
119,동네체육시설,수완동 솟대어린이공원 동네체육시설,광주광역시 광산구 수완동 1299번지,동네체육시설,2015-07-21,2021-06-16
120,동네체육시설,수문1공원 동네체육시설,광주광역시 광산구 수완동 1154,동네체육시설,2015-12-09,2021-06-16
121,동네체육시설,수완동 상완마을 동네체육시설,광주광역시 광산구 수완동 309,동네체육시설,2017-08-30,2021-06-16
122,동네체육시설,장덕솔무공원 동네체육시설,광주광역시 광산구 장덕동 1112,동네체육시설,2015-12-09,2021-06-16
123,동네체육시설,성덕근린공원 동네체육시설,광주광역시 광산구 장덕동 1127,동네체육시설,2015-12-11,2021-06-16
124,동네체육시설,우산동 풍영정천 동네체육시설1,광주광역시 광산구 우산동 574,동네체육시설,2010-01-01,2021-06-16
125,동네체육시설,월곡공원 동네체육시설,광주광역시 광산구 월곡동 587,동네체육시설,1994-02-12,2021-06-16
126,동네체육시설,월곡1동 동네체육시설,광주광역시 광산구 월곡동 589 (월곡중학교 내),동네체육시설,1996-06-25,2021-06-16
127,동네체육시설,우산동 우산6공원 동네체육시설,광주광역시 광산구 우산동 1572-4,동네체육시설,2014-08-18,2021-06-16
128,동네체육시설,산정레포츠공원 동네체육시설,광주광역시 광산구 월곡동 539,동네체육시설,1994-04-26,2021-06-16
129,동네체육시설,경암근린공원 동네체육시설,광주광역시 광산구 하남동 663(경암근린공원),동네체육시설,2015-12-09,2021-06-16
130,동네체육시설,하남동 어린이공원 동네체육시설,광주광역시 광산구 하남동 657,동네체육시설,2018-01-29,2021-06-16
131,동네체육시설,동자봉(산정동) 동네체육시설,광주광역시 광산구 산정동385번지일원,동네체육시설,2017-07-15,2021-06-16
132,동네체육시설,우산동 IC 동네체육시설,광주광역시 광산구 우산동 1611-4,동네체육시설,2011-06-01,2021-06-16
133,동네체육시설,우산동 동네체육시설,광주광역시 광산구 우산동 1606-19,동네체육시설,2016-01-18,2021-06-16
134,동네체육시설,우산동 에코힐링워킹로 동네체육시설,광주광역시 광산구 우산동 1601-9,동네체육시설,2017-07-14,2021-06-16
135,동네체육시설,우산동 시영1차 동네체육시설,광주광역시 광산구 우산동1602-1(시영1차@ 옆),동네체육시설,1997-10-07,2021-06-16
136,동네체육시설,우산동 말미산 동네체육시설,광주광역시 광산구 우산동 산116 (말미산),동네체육시설,1997-10-07,2021-06-16
137,동네체육시설,소촌 모아2차 동네체육시설,광주광역시 광산구 소촌동 290-46,동네체육시설,2016-03-08,2021-06-16
138,동네체육시설,소촌동 동네체육시설,광주광역시 광산구 소촌동 46 (금호훼미리@뒤),동네체육시설,1998-09-10,2021-06-16
139,동네체육시설,소촌동어린이공원 동네체육시설,광주광역시 광산구 소촌동20-1번지,동네체육시설,2014-12-09,2021-06-16
140,동네체육시설,송정공원(금봉산) 동네체육시설,광주광역시 광산구 신촌동산95-1 (금봉산),동네체육시설,1990-10-22,2021-06-16
141,동네체육시설,어룡동 소촌마을 동네체육시설,광주광역시 광산구 소촌동 461-3,동네체육시설,2016-01-19,2021-06-16
142,동네체육시설,어룡동 소촌마을 동네체육시설,광주광역시 광산구 소촌동 461-3,동네체육시설,2019-07-18,2021-06-16
143,동네체육시설,도산역 동네체육시설,광주광역시 광산구 도산동 1023-3,동네체육시설,2018-01-29,2021-06-16
144,동네체육시설,도산동 원도산 동네체육시설,광주광역시 광산구 도산동 1060-3,동네체육시설,2015-10-13,2021-06-16
145,동네체육시설,"도산동 동네체육시설1(공원1), 도루메공원 동네체육시설","광주광역시 광산구 도산동 1287-5(1공원), 도산동 1287-5",동네체육시설,2001-03-28,2021-06-16
146,동네체육시설,도산동 동네체육시설2(공원2),광주광역시 광산구 도산동 1296-1(2공원),동네체육시설,2011-10-01,2021-06-16
147,동네체육시설,원도산마을 동네체육시설,광주광역시 광산구 도산동 682-3,동네체육시설,2014-07-01,2021-06-16
148,동네체육시설,송정동 송도로212번길,광주광역시 광산구 송정동 215-6,동네체육시설,2016-10-28,2021-06-16
149,동네체육시설,용보모정 동네체육시설,광주광역시 광산구 송정동 276-2(용보모정 앞),동네체육시설,2009-06-24,2021-06-16
150,동네체육시설,송정1동(공항로) 동네체육시설,광주광역시 광산구 송정동74-21번지선(공항로변),동네체육시설,2007-01-01,2021-06-16
151,동네체육시설,송정1동(공항로) 동네체육시설,광주광역시 광산구 송정동74-21번지선(공항로변),동네체육시설,2008-11-18,2021-06-16
152,동네체육시설,송정1동(공항로) 동네체육시설,광주광역시 광산구 송정동74-21번지선(공항로변),동네체육시설,2010-04-13,2021-06-16
153,동네체육시설,송정1동(공항로) 동네체육시설,광주광역시 광산구 송정동74-21번지선(공항로변),동네체육시설,2015-07-21,2021-06-16
154,동네체육시설,송정1동(공항로) 동네체육시설,광주광역시 광산구 송정동74-21번지선(공항로변),동네체육시설,2019-06-07,2021-06-16
155,동네체육시설,상전마을 동네체육시설,광주광역시 광산구 송정1동 554-1,동네체육시설,2011-12-29,2021-06-16
156,동네체육시설,송정 공영주차장 동네체육시설,광주광역시 광산구 송정동  805-4,동네체육시설,2016-03-08,2021-06-16
157,동네체육시설,송정중 동네체육시설,광주광역시 광산구 송정동 785,동네체육시설,2016-01-18,2021-06-16
158,동네체육시설,송정2동 쉼터동네체육시설,광주광역시 광산구 송정로15번길 51(소공원 쉼터),동네체육시설,2015-10-13,2021-06-16
159,동네체육시설,신흥동(대주@옆) 동네체육시설,광주광역시 광산구 신흥동 826-11,동네체육시설,2013-12-18,2021-06-16
160,동네체육시설,신흥동(대주@옆) 동네체육시설,광주광역시 광산구 신흥동 826-11,동네체육시설,2014-02-04,2021-06-16
161,동네체육시설,신흥동(대주@옆) 동네체육시설,광주광역시 광산구 신흥동 826-11,동네체육시설,2019-06-07,2021-06-16
162,동네체육시설,송정IC(신촌동) 동네체육시설1,광주광역시 광산구 신촌동1014-8,동네체육시설,2006-01-20,2021-06-16
163,동네체육시설,진곡경로당 동네체육시설,광주광역시 광산구 진곡동 196번지,동네체육시설,2017-05-06,2021-06-16
164,동네체육시설,신등원정 경로당 동네체육시설,광주광역시 광산구 등임동 9-1,동네체육시설,2018-01-29,2021-06-16
165,동네체육시설,임곡 등임경로당 동네체육시설,광주광역시 광산구 등임동 413-1,동네체육시설,2017-08-21,2021-06-16
166,동네체육시설,원산막마을 동네체육시설,광주광역시 광산구 산막동 92번지,동네체육시설,2017-05-06,2021-06-16
167,동네체육시설,비시동마을 동네체육시설,광주광역시 광산구 두정동 563-3,동네체육시설,2017-04-13,2021-06-16
168,동네체육시설,두정마을 동네체육시설,광주광역시 광산구 두정동 222-2,동네체육시설,2017-04-13,2021-06-16
169,동네체육시설,임곡동가정마을 동네체육시설,광주광역시 광산구 임곡 가정길 293-1,동네체육시설,2016-02-01,2021-06-16
170,동네체육시설,임곡동 성내마을,광주광역시 광산구 임곡동 130-13,동네체육시설,2016-10-28,2021-06-16
171,동네체육시설,성내경로당 동네체육시설,광주광역시 광산구 임곡동 152-1,동네체육시설,2019-06-07,2021-06-16
172,동네체육시설,임곡중 동네체육시설,광주광역시 광산구 임곡동 783-1 (임곡중학교),동네체육시설,1997-10-27,2021-06-16
173,동네체육시설,연계마을 동네체육시설,광주광역시 광산구 광산동 664-31,동네체육시설,2018-01-29,2021-06-16
174,동네체육시설,임곡동 와산마을 동네체육시설,광주광역시 광산구 오산동 790-3번지,동네체육시설,2015-07-21,2021-06-16
175,동네체육시설,본량동 맥동마을,광주광역시 광산구 선동 220-11,동네체육시설,2016-09-08,2021-06-16
176,동네체육시설,본량동 입석마을 동네체육시설,광주광역시 광산구 산수동 219,동네체육시설,2017-08-30,2021-06-16
177,동네체육시설,본량동 감동마을,광주광역시 광산구 산수동 325-4,동네체육시설,2016-09-08,2021-06-16
178,동네체육시설,본량지동마을 동네체육시설,광주광역시 광산구 지산동 141-4,동네체육시설,2016-01-19,2021-06-16
179,동네체육시설,본량신당 동네체육시설,광주광역시 광산구 송치동  186-31,동네체육시설,2016-01-19,2021-06-16
180,동네체육시설,본량동 금치마을,광주광역시 광산구 송치동 434-1,동네체육시설,2016-09-08,2021-06-16
181,동네체육시설,본량 왕동 용진산 동네체육시설,광주광역시 광산구 왕동 3-4,동네체육시설,1992-11-27,2021-06-16
182,동네체육시설,임곡 사호동 용진산 동네체육시설,광주광역시 광산구 사호동 582-1(583),동네체육시설,1992-11-27,2021-06-16
183,동네체육시설,남산경로당 동네체육시설,광주광역시 광산구 남산동 385-2,동네체육시설,2015-12-11,2021-06-16
184,동네체육시설,남산동 660-1 동네체육시설,광주광역시 광산구 남산동 660-1,동네체육시설,2018-01-29,2021-06-16
185,동네체육시설,본량동 금동마을 동네체육시설,광주광역시 광산구 본량동 920-1,동네체육시설,2017-08-23,2021-06-16
186,동네체육시설,본량 양곡마을 동네체육시설,광주광역시 광산구 양산동436번지,동네체육시설,2017-09-15,2021-06-16
187,동네체육시설,본량동 원동마을,광주광역시 광산구 동림동 656-1,동네체육시설,2016-09-08,2021-06-16
188,동네체육시설,어룡동 운수마을,광주광역시 광산구 운수동  83-2,동네체육시설,2016-10-28,2021-06-16
189,동네체육시설,선암마을 동네체육시설,광주광역시 광산구 선암동 356-3,동네체육시설,2010-02-05,2021-06-16
190,동네체육시설,선암마을 동네체육시설,광주광역시 광산구 선암동 356-3,동네체육시설,2013-03-13,2021-06-16
191,동네체육시설,선암마을 동네체육시설,광주광역시 광산구 선암동 356-3,동네체육시설,2017-08-22,2021-06-16
192,동네체육시설,중보마을 동네체육시설,광주광역시 광산구 선암동 54-8,동네체육시설,2009-12-01,2021-06-16
193,동네체육시설,평동 송촌마을 동네체육시설,광주광역시 광산구 송촌동 174-1번지,동네체육시설,2014-12-09,2021-06-16
194,동네체육시설,평동 장록마을 동네체육시설,광주광역시 광산구 장록동 170-10,동네체육시설,2014-12-09,2021-06-16
195,동네체육시설,평동 지로마을 동네체육시설,광주광역시 광산구 지죽동 410-2,동네체육시설,2017-07-14,2021-06-16
196,동네체육시설,평동근린공원 동네체육시설,광주광역시 광산구 옥동 1242-2 (평동근린공원),동네체육시설,2009-02-10,2021-06-16
197,동네체육시설,평동역 동네체육시설,광주광역시 광산구 월전동 51-23,동네체육시설,2018-01-29,2021-06-16
198,동네체육시설,복룡동 569-1 동네체육시설,광주광역시 광산구 복룡동 569-1(하천부지),동네체육시설,2018-01-29,2021-06-16
199,동네체육시설,동곡 유계동 동네체육시설,광주광역시 광산구 유계동 240-9,동네체육시설,1997-01-31,2021-06-16
200,동네체육시설,동곡 침산마을 동네체육시설,광주광역시 광산구 하산동 16-1,동네체육시설,2010-05-14,2021-06-16
201,동네체육시설,동곡 침산마을 동네체육시설,광주광역시 광산구 하산동 16-1,동네체육시설,2010-06-11,2021-06-16
202,동네체육시설,동곡 침산마을 동네체육시설,광주광역시 광산구 하산동 16-1,동네체육시설,2017-08-22,2021-06-16
203,동네체육시설,호가정 일원 동네체육시설,광주광역시 광산구 본덕동 40-1,동네체육시설,2018-01-29,2021-06-16
204,동네체육시설,동곡동 기룡마을,광주광역시 광산구 하산동 658-2,동네체육시설,2016-09-12,2021-06-16
205,동네체육시설,동곡동 상정마을,광주광역시 광산구 요기동 480,동네체육시설,2016-09-12,2021-06-16
206,동네체육시설,연산 경로당 동네체육시설,광주광역시 광산구 연산동 621-2,동네체육시설,2018-01-29,2021-06-16
207,동네체육시설,평동 용곡마을 동네체육시설,광주광역시 광산구 용곡동  347-2,동네체육시설,2016-03-08,2021-06-16
208,동네체육시설,평동 봉정마을 동네체육시설,광주광역시 광산구 지정동 250-4,동네체육시설,2017-07-14,2021-06-16
209,동네체육시설,평동 평지마을 동네체육시설,광주광역시 광산구 광산구 지정동 1029-5번지,동네체육시설,2011-06-14,2021-06-16
210,동네체육시설,명화동 명화마을 동네체육시설,광주광역시 광산구 명화동 478-5,동네체육시설,2011-11-23,2021-06-16
211,동네체육시설,명화동 명화마을 동네체육시설,광주광역시 광산구 명화동 478-5,동네체육시설,2011-12-29,2021-06-16
212,동네체육시설,명화동 명화마을 동네체육시설,광주광역시 광산구 명화동 478-5,동네체육시설,2012-04-03,2021-06-16
213,동네체육시설,평동 연동마을 종네체육시설,광주광역시 광산구 동산동 1133번지,동네체육시설,2014-12-09,2021-06-16
214,동네체육시설,삼도 회룡마을 동네체육시설,광주광역시 광산구 삼도동 77-8번지,동네체육시설,2014-12-09,2021-06-16
215,동네체육시설,평동 동산마을 동네체육시설,광주광역시 광산구 동산동 122-1,동네체육시설,1997-01-30,2021-06-16
216,동네체육시설,평동 대덕마을,광주광역시 광산구 동산동 산 133,동네체육시설,2016-09-12,2021-06-16
217,동네체육시설,삼도동 신동마을 동네체육시설,광주광역시 광산구 신동 338-1번지,동네체육시설,2015-07-21,2021-06-16
218,동네체육시설,삼도동 내기마을 동네체육시설,광주광역시 광산구 신동 464번지,동네체육시설,2015-07-21,2021-06-16
219,동네체육시설,삼도 봉학마을 동네체육시설,광주광역시 광산구 송학동 813-5,동네체육시설,2010-05-26,2021-06-16
220,동네체육시설,삼도 가산마을 동네체육시설,광주광역시 광산구 대산동(45-3),동네체육시설,2017-07-14,2021-06-16
221,동네체육시설,삼도 삼안경로당 동네체육시설,광주광역시 광산구 삼거동 119-1,동네체육시설,2017-09-04,2021-06-16
222,동네체육시설,도덕동 542-5번지 동네체육시설,광주광역시 광산구 도덕동 542-5,동네체육시설,2018-01-29,2021-06-16
223,동네체육시설,삼도 도덕동 동네체육시설,광주광역시 광산구 도덕동 311-24,동네체육시설,2010-01-05,2021-06-16
224,동네체육시설,삼도동 농협주변 동네체육시설,광주광역시 광산구 도덕동 302-3,동네체육시설,2016-12-14,2021-06-16
225,동네체육시설,지정경로당 동네체육시설,광주광역시 광산구 지평동 458-2,동네체육시설,2018-01-29,2021-06-16
226,동네체육시설,삼도 가삼경로당 동네체육시설,광주광역시 광산구 지평동 505-1,동네체육시설,2017-09-04,2021-06-16
227,동네체육시설,삼도 죽산마을 동네체육시설,광주광역시 광산구 송산동 231-9번지,동네체육시설,2014-12-09,2021-06-16
228,동네체육시설,삼도 운평마을 동네체육시설,광주광역시 광산구 지평동 220,동네체육시설,2012-05-11,2021-06-16
229,동네체육시설,관두마을 동네체육시설,광주광역시 광산구 복룡동771-18,동네체육시설,2018-05-08,2021-06-16
230,동네체육시설,쌍내경로당 동네체육시설,광주광역시 광산구 내산동 471-1,동네체육시설,2018-05-08,2021-06-16
231,동네체육시설,동호동 모정인근 동네체육시설,광주광역시 광산구 동호동 771-3,동네체육시설,2018-05-08,2021-06-16
232,동네체육시설,분토마을 동네체육시설,광주광역시 광산구 본덕동 316-3,동네체육시설,2018-05-09,2021-06-16
233,동네체육시설,두산경로당 동네체육시설,광주광역시 광산구 동곡로 185번길 211(연산동 14-20),동네체육시설,2018-05-09,2021-06-16
234,동네체육시설,매결마을 동네체육시설,광주광역시 광산구 신창동 1100-14,동네체육시설,2018-05-09,2021-06-16
235,동네체육시설,천동경로당 동네체육시설,광주광역시 광산구 천동길 20(신룡동 550-1),동네체육시설,2018-05-09,2021-06-16
236,동네체육시설,봉산마을 동네체육시설,광주광역시 광산구 산월동 828-2(삼각산 등산로 입구인근),동네체육시설,2018-05-10,2021-06-16
237,동네체육시설,수완부영1차 앞 동네체육시설,광주광역시 광산구 장덕동 1309(부영1차 앞 모정),동네체육시설,2018-04-10,2021-06-16
238,동네체육시설,수완아뜨리움 앞 동네체육시설,광주광역시 광산구 수완동 948(아뜨리움 앞 인도3거리),동네체육시설,2018-04-10,2021-06-16
239,동네체육시설,비아1동경로당 동네체육시설,광주광역시 광산구 비아동 238(비아1통 경로당 건너편),동네체육시설,2018-04-10,2021-06-16
240,동네체육시설,신덕마을경로당 동네체육시설,광주광역시 광산구 평동로 1119번길 25-12,동네체육시설,2019-01-04,2021-06-16
241,동네체육시설,신촌동 942-2 동네체육시설,광주광역시 광산구 광주광역시 광산구 신촌동 942-4,동네체육시설,2010-01-01,2021-06-16
242,동네체육시설,신촌동 942-4번지 동네체육시설,광주광역시 광산구 신촌동 942-4,동네체육시설,2019-01-04,2021-06-16
243,동네체육시설,월곡동 동네체육시설,광주광역시 광산구 월곡동 620(사암로3번길 39),동네체육시설,2019-01-04,2021-06-16
244,동네체육시설,월곡동 동네체육시설,광주광역시 광산구 월곡동 620(사암로3번길 39),동네체육시설,2019-06-07,2021-06-16
245,동네체육시설,하아산경로당 동네체육시설,광주광역시 광산구 비아동 274-1,동네체육시설,2018-12-17,2021-06-16
246,동네체육시설,용봉경로당 동네체육시설,광주광역시 광산구 용봉동 213-1,동네체육시설,2018-12-17,2021-06-16
247,동네체육시설,양촌경로당 동네체육시설,광주광역시 광산구 오운동 567-1,동네체육시설,2018-12-17,2021-06-16
248,동네체육시설,황계경로당 동네체육시설,광주광역시 광산구 본량황계길 173,동네체육시설,2018-12-17,2021-06-16
249,동네체육시설,산막경로당 동네체육시설,광주광역시 광산구 임곡로 231,동네체육시설,2018-12-17,2021-06-16
250,동네체육시설,팽호경로당 동네체육시설,광주광역시 광산구 복룡동 98-37,동네체육시설,2019-06-07,2021-06-16
251,동네체육시설,상선경로당 동네체육시설,광주광역시 광산구 복룡동538-9,동네체육시설,2019-06-07,2021-06-16
252,동네체육시설,송정경로당 동네체육시설,광주광역시 광산구 송대동338-12,동네체육시설,2019-06-07,2021-06-16
253,동네체육시설,옥동 마을전각 동네체육시설,광주광역시 광산구 옥동 410-7,동네체육시설,2019-06-07,2021-06-16
254,동네체육시설,본촌경로당 동네체육시설,광주광역시 광산구 임곡본촌길 217,동네체육시설,2019-06-07,2021-06-16
255,동네체육시설,창암경로당 동네체육시설,광주광역시 광산구 창암길 105(고룡동 566),동네체육시설,2019-06-07,2021-06-16
256,동네체육시설,대촌경로당 동네체육시설,광주광역시 광산구 송대동332-10,동네체육시설,2019-06-07,2021-06-16
257,동네체육시설,탑동경로당 동네체육시설,광주광역시 광산구 탑동길 75 (지산동 403-4),동네체육시설,2019-06-07,2021-06-16
258,동네체육시설,동부경로당 동네체육시설,광주광역시 광산구 본량용강길28-21(산수동 477),동네체육시설,2019-06-07,2021-06-16
259,동네체육시설,양산동 모정 앞 동네체육시설,광주광역시 광산구 본동로 503(양산동 84-15),동네체육시설,2019-06-07,2021-06-16
260,동네체육시설,예림경로당 동네체육시설,광주광역시 광산구 본량예림길26-12(명도동 209-5),동네체육시설,2019-06-07,2021-06-16
261,동네체육시설,평림경로당 동네체육시설,광주광역시 광산구 본동로 94(명도동 270),동네체육시설,2019-06-07,2021-06-16
262,동네체육시설,삼도지동길 15 동네체육시설,광주광역시 광산구 삼도지동길 15(도덕동223-1),동네체육시설,2019-06-07,2021-06-16
263,동네체육시설,송정중앙교회 옆 동네체육시설,광주광역시 광산구 소촌동 755-5(송정중앙교회),동네체육시설,2019-12-24,2021-06-16
264,동네체육시설,가곡경로당 동네체육시설,광주광역시 광산구 용곡동 664(기곡경로당),동네체육시설,2019-12-24,2021-06-16
265,동네체육시설,가곡경로당 동네체육시설,광주광역시 광산구 용곡동 664(기곡경로당),동네체육시설,2020-01-20,2021-06-16
266,동네체육시설,선동마을 앞 동네체육시설,광주광역시 광산구 선동 720-3(모정),동네체육시설,2019-12-24,2021-06-16
267,동네체육시설,선동마을 앞 동네체육시설,광주광역시 광산구 선동 720-3(모정),동네체육시설,2020-01-20,2021-06-16
268,동네체육시설,신봉정경로당 동네체육시설,광주광역시 광산구 산막동 707(신봉정경로당),동네체육시설,2019-12-24,2021-06-16
269,동네체육시설,신봉정경로당 동네체육시설,광주광역시 광산구 산막동 707(신봉정경로당),동네체육시설,2020-01-20,2021-06-16
270,동네체육시설,장수경로당 동네체육시설,광주광역시 광산구 장수동 163(장수경로당),동네체육시설,2019-12-24,2021-06-16
271,동네체육시설,장수경로당 동네체육시설,광주광역시 광산구 장수동 163(장수경로당),동네체육시설,2020-01-20,2021-06-16
272,동네체육시설,월계동 라인7차 옆 동네체육시설,"광주광역시 광산구 월계동 761-7(라인7차, 우미2차 사이)",동네체육시설,2019-12-24,2021-06-16
273,동네체육시설,월계동 라인7차 옆 동네체육시설,"광주광역시 광산구 월계동 761-7(라인7차, 우미2차 사이)",동네체육시설,2020-01-20,2021-06-16
274,동네체육시설,하남주공1차 동네체육시설,광주광역시 광산구 월곡산정로 12(하남주공 1차),동네체육시설,2019-12-24,2021-06-16
275,동네체육시설,하남주공1차 동네체육시설,광주광역시 광산구 월곡산정로 12(하남주공 1차),동네체육시설,2020-01-20,2021-06-16
276,동네체육시설,신창동 부영3차 옆 동네체육시설,"광주광역시 광산구 신창로 161번길 34(부영3차, 호반 5차 사잇길)",동네체육시설,2019-12-24,2021-06-16
277,동네체육시설,신창동 부영3차 옆 동네체육시설,"광주광역시 광산구 신창로 161번길 34(부영3차, 호반 5차 사잇길)",동네체육시설,2020-01-20,2021-06-16
278,동네체육시설,수완동 모아엘가 옆 동네체육시설,"광주광역시 광산구 수완동 1487(모아엘가, 우미린 1차 사잇길)",동네체육시설,2019-12-24,2021-06-16
279,동네체육시설,수완동 모아엘가 옆 동네체육시설,"광주광역시 광산구 수완동 1487(모아엘가, 우미린 1차 사잇길)",동네체육시설,2020-01-20,2021-06-16
280,동네체육시설,송정동 금강3차 동네체육시설,광주광역시 광산구 송정동 238(금강3차아파트),동네체육시설,2020-01-20,2021-06-16
281,동네체육시설,서호경로당 동네체육시설,광주광역시 광산구 본덕동 266-1(서호경로당),동네체육시설,2020-01-20,2021-06-16
282,동네체육시설,송정동 소규모쉼터 동네체육시설,광주광역시 광산구 송정동 242-7,동네체육시설,2020-02-03,2021-06-16
283,동네체육시설,용동마을회관 동네체육시설,광주광역시 광산구 옥동 450-1,동네체육시설,2018-12-17,2021-06-16
284,동네체육시설,송산동 387동네체육시설,광주광역시 광산구 송산동 387,동네체육시설,2018-01-29,2021-06-16
285,동네체육시설,삼도 내동마을 동네체육시설,광주광역시 광산구 송산동 874-1,동네체육시설,2017-07-14,2021-06-16
286,동네체육시설,하림마을 동네체육시설,광주광역시 광산구 임곡동 429,동네체육시설,2018-01-29,2021-06-16
287,동네체육시설,송정IC(신흥동) 동네체육시설2,광주광역시 광산구 신촌동 691-1,동네체육시설,2006-01-20,2021-06-16
288,동네체육시설,신창지구 제1공원 동네체육시설,광주광역시 광산구 신창동 855-22,동네체육시설,2015-02-25,2021-06-16
289,동네체육시설,비아초교 동네체육시설,광주광역시 광산구 비아동 68-1,동네체육시설,2014-08-18,2021-06-16
290,종목별체육시설,서봉지구 파크골프장,광주광역시 광산구 서봉동 124,골프장,2019-01-01,2021-06-16
